规格名称,仓库类型,合计数量,到仓位数量
60亚式晶钻黛门体,常规仓,1.0,1.0
60亚式暗把手博卡灰玻璃门体,常规仓,3.0,3.0
@B80M958,常规仓,1.0,1.0
@G10B22SE,常规仓,1.0,1.0
AA1P5300A,云仓,18.0,18.0
AA1P5X004,云仓,6.0,6.0
AA1PEN001,云仓,1.0,1.0
AA1PEP001,云仓,2.0,2.0
AA1PL1002,云仓,1.0,1.0
AA1PL3002,云仓,1.0,1.0
AA1PL5003,云仓,94.0,94.0
AA1PLG002,云仓,1.0,1.0
AA1PLL002,云仓,39.0,39.0
AA1PLV002,云仓,37.0,37.0
AA8MWA000,云仓,1.0,1.0
AA8MXF000,云仓,1.0,1.0
AA99WEM00,云仓,1.0,1.0
AA9HWP000,云仓,7.0,7.0
AA9HWQ000,云仓,1.0,1.0
AA9HWR000,云仓,1.0,1.0
AA9HWU000,云仓,7.0,7.0
AAABT600P,云仓,18.0,18.0
AAABTE00E,云仓,6.0,6.0
AAC3PL000,云仓,3.0,3.0
AAC3PP000,云仓,1.0,1.0
AAC5U0000,云仓,4.0,4.0
AAC6F2000,云仓,16.0,16.0
AAC6G4000,云仓,88.0,88.0
AAC7C1000,云仓,4.0,4.0
AAC7C5000,云仓,2.0,2.0
AAC7H3001,云仓,603.0,603.0
AAC815000,云仓,16.0,16.0
AAC823000,云仓,6.0,6.0
AAC825000,云仓,16.0,16.0
AAC860000,云仓,6.0,6.0
AAC8C0000,云仓,6.0,6.0
AAC901000,云仓,5.0,5.0
AAC90G000,云仓,4.0,4.0
AAC90N000,云仓,591.0,591.0
AAC920000,云仓,150.0,150.0
AAC951000,云仓,2.0,2.0
AACFT0000,云仓,603.0,603.0
AACFT2000,云仓,581.0,581.0
AACG80000,云仓,70.0,70.0
AACGP0000,云仓,5.0,5.0
AACGP4000,云仓,591.0,591.0
AACHZ4000,云仓,2.0,2.0
AACKY1000,云仓,4.0,4.0
AACLQ1000,云仓,1.0,1.0
AACLR1000,云仓,1.0,1.0
AACQD4000,云仓,2.0,2.0
AACQE1000,云仓,3.0,3.0
AACQN1000,云仓,96.0,96.0
AACQPA000,云仓,96.0,96.0
AACXGH000,云仓,2.0,2.0
AACXMK000,云仓,581.0,581.0
AACYH1000,云仓,1.0,1.0
AACZT0000,云仓,1.0,1.0
AACZU0000,云仓,80.0,80.0
AACZU6000,云仓,192.0,192.0
AACZZ0000,云仓,1.0,1.0
AAD000000,云仓,80.0,80.0
AAD001000,云仓,192.0,192.0
AAD890000,云仓,3.0,3.0
AB91SE004,云仓,39.0,39.0
AB9291001,云仓,1.0,1.0
AB929F001,云仓,1.0,1.0
AB929G000,云仓,1.0,1.0
AB929H004,云仓,37.0,37.0
AB92B0000,云仓,1.0,1.0
AB92B1000,云仓,1.0,1.0
AB9552000,云仓,1.0,1.0
AB96H0000,云仓,150.0,150.0
AB96YA000,云仓,94.0,94.0
AB98E2000,云仓,1.0,1.0
AB98P0000,云仓,88.0,88.0
AB98PN000,云仓,70.0,70.0
AB98Q0000,云仓,16.0,16.0
B00XY5000,云仓,3.0,3.0
B30M71000,云仓,2.0,2.0
BA-E7Plus,常规仓,1.0,1.0
BB0VP0000,云仓,4.0,4.0
BC-285W/BD-265WD7U1DOOR(DZ),常规仓,1.0,1.0
BC-93LTMPA,常规仓,33.0,33.0
BC/BD-100HER,常规仓,1.0,1.0
BC/BD-142GHEPS9,金融仓,10.0,10.0
BC/BD-142GHPCZ,常规仓,1.0,1.0
BC/BD-142HER,常规仓,119.0,119.0
BC/BD-146D,常规仓,3.0,3.0
BC/BD-180WEGU1,常规仓,24.0,24.0
BC/BD-200GHEPG,常规仓,6.0,6.0
BC/BD-200GHEPS9,金融仓,14.0,14.0
BC/BD-200GHPCZ,常规仓,13.0,13.0
BC/BD-200GHZ,常规仓,1.0,1.0
BC/BD-241WGHESM,常规仓,1.0,1.0
BC/BD-295GHZ,顺丰仓,1.0,1.0
BC/BD-429HCM,常规仓,42.0,42.0
BC/BD-519HEM,常规仓,22.0,22.0
BC/BD-629HEZ,常规仓,5.0,5.0
BC10WE000,云仓,66.0,66.0
BC1148000,云仓,1.0,1.0
BC115U000,云仓,2.0,2.0
BC1166000,云仓,153.0,153.0
BC12N6000,云仓,1.0,1.0
BC12P5000,云仓,4.0,4.0
BCD-123GHTMZ0WV,常规仓,1.0,1.0
BCD-180TMPS,常规仓,1.0,1.0
BCD-190WLDPC,常规仓,10.0,10.0
BCD-215STPD,常规仓,2.0,2.0
BCD-251WBIU1,常规仓,6.0,6.0
BCD-277WGCC2B6W9U1,常规仓,1.0,1.0
BCD-342WLLFDEDW9U1,常规仓,2.0,2.0
BCD-351WLHD3E7SFU1,常规仓,26.0,1.0
BCD-351WLHD3E7SFU1,金融仓,26.0,25.0
BCD-400WLCD3M4G3U1,金融仓,2.0,2.0
BCD-400WLCI38FVAU1,金融仓,35.0,35.0
BCD-400WLCI3M4WKU1,常规仓,5.0,1.0
BCD-400WLCI3M4WKU1,金融仓,5.0,4.0
BCD-405WLDPCU1,常规仓,1.0,1.0
BCD-406WLHD314ASU1,常规仓,7.0,7.0
BCD-406WLHTDEDB9,常规仓,4.0,3.0
BCD-406WLHTDEDB9,顺丰仓,4.0,1.0
BCD-413WGHFD1BSJU1,常规仓,31.0,1.0
BCD-413WGHFD1BSJU1,金融仓,31.0,30.0
BCD-420WDCPU1,常规仓,12.0,12.0
BCD-420WDCSU1,常规仓,3.0,3.0
BCD-450WGCFDM4WNU1,金融仓,14.0,14.0
BCD-460WGHTD14S9U1,常规仓,1.0,1.0
BCD-461WGHFD14WYU1,常规仓,1.0,1.0
BCD-462WGHFD15BJU1,常规仓,1.0,1.0
BCD-463WGLFD45Y9U1,常规仓,4.0,4.0
BCD-469WGHTDEDY1,常规仓,1.0,1.0
BCD-470WGHTD5VG1U1,常规仓,1.0,1.0
BCD-472WGHTDB9SJU1,金融仓,3.0,3.0
BCD-477WLLSSD0S9U1,常规仓,1.0,1.0
BCD-485WGHFDB9GSU1,常规仓,2.0,2.0
BCD-500WLCFD8FVAU1,常规仓,24.0,24.0
BCD-500WLCFD8FW1U1,常规仓,7.0,7.0
BCD-501WGCTDM4WKU1,金融仓,33.0,33.0
BCD-501WLHTD58B9U1,常规仓,9.0,9.0
BCD-502WGHFD14SJU1,常规仓,1.0,1.0
BCD-502WLLTD5DM2U1,常规仓,1.0,1.0
BCD-503WGHFD14WWU1,常规仓,6.0,1.0
BCD-503WGHFD14WWU1,金融仓,6.0,5.0
BCD-505WGCFDA4ARU1,金融仓,6.0,6.0
BCD-505WGCFDA4YBU1,常规仓,1.0,1.0
BCD-506WGHTD14WWU1,常规仓,1.0,1.0
BCD-506WGHTD14WYU1,常规仓,1.0,1.0
BCD-507WGCTDM4GJU1,金融仓,5.0,5.0
BCD-509WGHFD7DS9U1,常规仓,32.0,1.0
BCD-509WGHFD7DS9U1,顺丰仓,32.0,31.0
BCD-509WGHTD1BY6U1,金融仓,10.0,10.0
BCD-512WGHMD1BY6U1,金融仓,4.0,4.0
BCD-515WGHFD1BY5U1,常规仓,1.0,1.0
BCD-515WGHFD1BY6U1,金融仓,14.0,14.0
BCD-515WGHSSB5GSU1,金融仓,5.0,5.0
BCD-518WGHFD2BGCU1,金融仓,8.0,8.0
BCD-518WGHTD1BGNU1,金融仓,3.0,3.0
BCD-520WGCFDM4G6U1,金融仓,20.0,20.0
BCD-520WGCTDM4CNU1,金融仓,5.0,5.0
BCD-520WLCFPAFDRU1,常规仓,1.0,1.0
BCD-520WLCFPAFVAU1,常规仓,1.0,1.0
BCD-520WLCFPM4WKU1,常规仓,1.0,1.0
BCD-533WGCFDAGESU1,金融仓,13.0,13.0
BCD-539WGLSSEDW9U1,常规仓,1.0,1.0
BCD-540WGCTDM7WHU1,常规仓,52.0,2.0
BCD-540WGCTDM7WHU1,金融仓,52.0,50.0
BCD-540WGCTDM7WHU1(棕),金融仓,20.0,20.0
BCD-550WGCFDM4S5U1,常规仓,16.0,3.0
BCD-550WGCFDM4S5U1,金融仓,16.0,13.0
BCD-550WGCFDM4WHU1,金融仓,220.0,220.0
BCD-550WGCFDM4WHU1(棕),常规仓,6.0,1.0
BCD-550WGCFDM4WHU1(棕),金融仓,6.0,5.0
BCD-550WLCFPA4W5U1,金融仓,35.0,35.0
BCD-550WLCFPA4WFU1,常规仓,11.0,2.0
BCD-550WLCFPA4WFU1,金融仓,11.0,9.0
BCD-550WLCFPA4ZFU1,金融仓,1.0,1.0
BCD-551WLCTDAFA5U1,常规仓,2.0,2.0
BCD-552WLCTDA4SCU1(Pro),金融仓,3.0,3.0
BCD-553WGHFD14SGU1,常规仓,1.0,1.0
BCD-570WGCFDM4ZHU1,金融仓,63.0,63.0
BCD-600WGCFDM4DBU1,常规仓,28.0,1.0
BCD-600WGCFDM4DBU1,金融仓,28.0,27.0
BCD-601WGCTDA4DLU1,金融仓,41.0,41.0
BCD-610WLCTDAGSCU1(Pro),金融仓,3.0,3.0
BCD-620WGHSSEDWV,常规仓,36.0,36.0
BCD-623WLHTD2BGWU1,金融仓,44.0,44.0
BCD-625WLHTD2BB6U1,金融仓,2.0,2.0
BCD-633WDCHU1,常规仓,2.0,2.0
BCD-633WLCFDA4ARU1,金融仓,10.0,10.0
BCD-633WLCFDMFVAU1,常规仓,3.0,3.0
BCD-647WLCTD79DYU1,常规仓,1.0,1.0
BCD-650WGCTDM7S3U1,常规仓,1.0,1.0
BCD-88GHTMZ0WV,顺丰仓,102.0,102.0
BD-138W,常规仓,25.0,25.0
BD-150LH9EP9,常规仓,55.0,55.0
BD-152WGHS9B8,常规仓,92.0,92.0
BD-180WGHSF,常规仓,1.0,1.0
BD-192WEGL,常规仓,4.0,4.0
BD-210WGHS9,金融仓,3.0,3.0
BD-331WEGAU1,常规仓,15.0,1.0
BD-331WEGAU1,金融仓,15.0,14.0
BJ0XV3000AA,云仓,1.0,1.0
BL0732000,云仓,1.0,1.0
BU0J73000,云仓,1.0,1.0
C1 D10LJ7ELU1,常规仓,120.0,1.0
C1 D10LJ7ELU1,金融仓,120.0,119.0
C1 D10LZ7ELU1,金融仓,66.0,66.0
C1 D10S7ELU1,常规仓,1.0,1.0
C1 D10W5ELU1,常规仓,2.0,2.0
C1 DN12L7ELU1,常规仓,3.0,3.0
C1 HD10LZ6CLU1,常规仓,1.0,1.0
C1 HD10W3EU1,常规仓,1.0,1.0
C1 HDN12L7ELLU1,常规仓,2.0,1.0
C1 HDN12L7ELLU1,金融仓,2.0,1.0
C3 3W1U1,常规仓,26.0,1.0
C3 3W1U1,金融仓,26.0,25.0
C5O60CGU1,常规仓,10.0,10.0
C5O60DGU1,常规仓,2.0,2.0
C7O46CGU1,常规仓,10.0,10.0
C7O60CGU1,常规仓,1.0,1.0
C8 14W2SU1,常规仓,1.0,1.0
C8 D14L6U1,常规仓,3.0,3.0
C8 HDN14L5EU1,常规仓,3.0,3.0
C8 HDV13L6U1,常规仓,1.0,1.0
C8 U12G3,常规仓,2.0,2.0
C809 100MSU1,常规仓,1.0,1.0
C9 Y13BL13L2CU1,常规仓,1.0,1.0
C9 Y13BL13W2ESU1,常规仓,5.0,5.0
C9 YF12BL12L2EU1,金融仓,20.0,20.0
C9 YF12BL12W2EU1,常规仓,4.0,4.0
CAN3580(81)室外机,常规仓,8.0,8.0
CAN35EAF(81)U1室内机,常规仓,8.0,8.0
CAN35ED(81)U1室内机,常规仓,6.0,6.0
CAN5081(81)外机,常规仓,7.0,7.0
CAN50EBF(81)U1内机,常规仓,7.0,7.0
CAN7582(81)室外机,常规仓,6.0,6.0
CAN75ECF(81)U1室内机,常规仓,6.0,6.0
CAN75ED(81)U1内机,常规仓,4.0,4.0
CAN90ED(81)U1室内机,常规仓,12.0,12.0
CAP502(A1)室外机总成,常规仓,1.0,1.0
CAP507(81)室外机总成,常规仓,9.0,9.0
CAP508(81)室外机总成,常规仓,2.0,2.0
CAP509(A1)室外机,常规仓,1.0,1.0
CAP50GDA(81)U1室内机,常规仓,1.0,1.0
CAP50UBA(A1)室内机,常规仓,1.0,1.0
CAP50UDA(81)U1室内机,常规仓,1.0,1.0
CAP50UDA(A1)U1室内机,常规仓,1.0,1.0
CAP50YAA(A1)U1室内机,常规仓,1.0,1.0
CAP50YAB(81)U1室内机,常规仓,9.0,9.0
CAP563(A1)室外机,常规仓,2.0,2.0
CAP56VCA(A1)U1室内机,常规仓,2.0,2.0
CAP56WDA(A1)U1室内机,常规仓,1.0,1.0
CAP721(81)室外机,常规仓,3.0,3.0
CAP7210(81)室外机,常规仓,1.0,1.0
CAP723(81)室外机,常规仓,10.0,10.0
CAP725(A1)室外机,常规仓,1.0,1.0
CAP729(A1)室外机,常规仓,1.0,1.0
CAP72BAB(81)VU1室内机总成,常规仓,1.0,1.0
CAP72UBAB(81)VU1室内机,常规仓,1.0,1.0
CAP72UCA(81)U1室内机,常规仓,2.0,2.0
CAP72WDA(81)U1室内机,常规仓,2.0,2.0
CAP72WDA(A1)U1室内机,常规仓,1.0,1.0
CAP72WFA(81)U1室内机,常规仓,8.0,8.0
CAS261(A1)室外机,常规仓,1.0,1.0
CAS268(81)室外机,常规仓,2.0,2.0
CAS268(A1)室外机,常规仓,2.0,2.0
CAS269(81)室外机,常规仓,1.0,1.0
CAS26GDA(81)U1室内机,常规仓,2.0,2.0
CAS26UDA(A1)U1室内机,常规仓,2.0,2.0
CAS26YAA(81)U1室内机,常规仓,1.0,1.0
CAS351(A1)室外机,常规仓,1.0,1.0
CAS3515(81)室外机,常规仓,1.0,1.0
CAS3520WKA(81)VU1套机,金融仓,10.0,10.0
CAS3521GCD(81)U1套机,金融仓,20.0,20.0
CAS3525(81)室外机,常规仓,1.0,1.0
CAS353(81)室外机,常规仓,18.0,18.0
CAS358(81)室外机,常规仓,6.0,6.0
CAS358(A1)室外机,常规仓,1.0,1.0
CAS359(81)室外机,常规仓,4.0,4.0
CAS35GEA(81)U1室内机,常规仓,1.0,1.0
CAS35UBA(A1)室外机,常规仓,1.0,1.0
CAS35UDA(81)U1室内机,常规仓,1.0,1.0
CAS35UDA(A1)U1室内机,常规仓,1.0,1.0
CAS35URA(81)VU1室内机,常规仓,1.0,1.0
CAS35WFA(81)U1室内机,常规仓,18.0,18.0
CAS362(A1)室外机,常规仓,1.0,1.0
CAS501(81)室外机,常规仓,1.0,1.0
CAS5016(81)室外机总成,常规仓,1.0,1.0
CAS5018(81)室外机,常规仓,2.0,2.0
CAS502(82) 室外机,常规仓,1.0,1.0
CAS50BAB(81)U1室内机总成,常规仓,1.0,1.0
CAS50VCA(82)U1室内机,常规仓,1.0,1.0
CAS50ZDA(81)VU1室内机,常规仓,2.0,2.0
CAW3583(81)室外机,常规仓,6.0,6.0
CAW7583(81)外机,常规仓,4.0,4.0
CAW9083(81)室外机,常规仓,12.0,12.0
CB B3EDUHBU1,常规仓,1.0,1.0
CB B3WEUWBU1,金融仓,45.0,45.0
CB0MUFB00,云仓,1885.0,1885.0
CB0N30002,云仓,2.0,2.0
CCTOKH-13Y-JM01,常规仓,63.0,63.0
CE AB13LWTBHKU1,金融仓,89.0,89.0
CE B10LWDBHAU1,金融仓,355.0,355.0
CE B10LWDUBHKU1,金融仓,53.0,53.0
CE B10LWDUBLKU1,金融仓,23.0,23.0
CE B10LWDWAU1,常规仓,176.0,8.0
CE B10LWDWAU1,金融仓,176.0,168.0
CE B12LWDUKLBU1,金融仓,130.0,130.0
CE0JP4002,云仓,1.0,1.0
CEADN1000,云仓,370.0,370.0
CEH-286AT5U1,常规仓,2.0,2.0
CEH-60ART3U1,常规仓,14.0,14.0
CEH-70LPLS3KU1,常规仓,3.0,3.0
CEH-80LPLS3KU1,常规仓,1.0,1.0
CES60HD-5LA07紫U1,常规仓,1.0,1.0
CEV-7A,常规仓,14.0,14.0
CG S10BYTFBHKU1,金融仓,23.0,23.0
CG S10TGWAU1,常规仓,171.0,11.0
CG S10TGWAU1,金融仓,171.0,160.0
CG S10YTFBHAU1,金融仓,300.0,300.0
CG S12YTFKLBU1,常规仓,128.0,1.0
CG S12YTFKLBU1,金融仓,128.0,127.0
CG S13YTFTLCU1,金融仓,3.0,3.0
CGD-21BU1,常规仓,1.0,1.0
CGR-22BU1,金融仓,3.0,3.0
CGR-GH1U1,常规仓,4.0,4.0
CGS 10FLJ7EU1,金融仓,100.0,100.0
CGS 10FLZ7EU1,金融仓,80.0,80.0
CGY 10FG5U1,常规仓,1.0,1.0
CGY 10FL5EU1,常规仓,2.0,2.0
CGY 10FW5EU1,常规仓,3.0,3.0
CGY 12FG5U1,常规仓,1.0,1.0
CGY 12FL3TU1,常规仓,1.0,1.0
CGY 12FL5TU1,常规仓,3.0,3.0
CGY 12FL7EU1,常规仓,2.0,2.0
CJ2Q-A1EU6(露点传感),常规仓,2.0,2.0
CJ5Q-A1EU6(多维空气卫士),常规仓,2.0,2.0
CKC1000-RMK3U1,常规仓,4.0,4.0
CKC1000-RZQ3U1,常规仓,40.0,34.0
CKC1000-RZQ3U1,金融仓,40.0,6.0
CKC800-RZF18HU1,金融仓,71.0,71.0
CKC800-RZF18HU1(礼品机),常规仓,12.0,12.0
CLD475-A1,常规仓,4.0,4.0
CMB-015N/TB(S)-白,常规仓,4.0,4.0
CMB-01A/TA-白,常规仓,5.0,5.0
CMB-01N/TB(S)-白,常规仓,2.0,2.0
CMB-01N/TB-白,常规仓,1.0,1.0
CMB-01N/TC(S)-白,常规仓,1.0,1.0
CMB-01N/TC(白),常规仓,6.0,6.0
CMB-01N/TC-白,常规仓,1.0,1.0
CMB-02N/TB-白,常规仓,1.0,1.0
CMB-N/TC装饰-银,常规仓,3.0,3.0
CP40-M3(U1),常规仓,6.0,6.0
CPCBXS-13Y-JM01,常规仓,26.0,26.0
CPPC-13Y-JM01,常规仓,46.0,46.0
CQR-15QVF-MU1,常规仓,1.0,1.0
CQR-25QVA,常规仓,1.0,1.0
CQR-45QVA,常规仓,2.0,2.0
CRO600-DCU1,常规仓,6.0,6.0
CRO600-HC7 U1,常规仓,12.0,12.0
CRO800-DA2U1,常规仓,30.0,10.0
CRO800-DA2U1,金融仓,30.0,20.0
CRO800-DEU1,常规仓,1.0,1.0
CRO800-FMCU1,常规仓,11.0,11.0
CRO800-HC7U1,常规仓,16.0,16.0
CS B14LWCHGU1,金融仓,7.0,7.0
CS B14LWCLFU1,常规仓,1.0,1.0
CS HB14LWCHGU1,金融仓,10.0,10.0
CS HB17LWAHGU1,常规仓,8.0,1.0
CS HB17LWAHGU1,金融仓,8.0,7.0
CS HB22LWTLBU1,常规仓,1.0,1.0
CS10-SPA(金)(U1),常规仓,1.0,1.0
CS15-XHU1,金融仓,1.0,1.0
CS15-YHU1,常规仓,2.0,2.0
CS200V1U1(N)室内机,常规仓,3.0,3.0
CS200V1U1(W),常规仓,4.0,4.0
CS25-YHU1,常规仓,1.0,1.0
CS260D1U1(N)室内机,常规仓,3.0,3.0
CS260D1U1(W)室外机,常规仓,3.0,3.0
CS35-YHU1,常规仓,1.0,1.0
CTS100-2LXKQ11U1,常规仓,1.0,1.0
CWB10-38GHU1,常规仓,1.0,1.0
CWC10-B29JZU1,常规仓,1.0,1.0
CWC8-B19CL,常规仓,10.0,10.0
CWP15-YHU1,常规仓,3.0,3.0
CWP20-JS(GD)(U1),常规仓,2.0,2.0
CWP25-YHU1,常规仓,1.0,1.0
CWP35-YHU1,常规仓,1.0,1.0
CWY13-19U1,常规仓,1.0,1.0
CWY15-29BKU1,常规仓,1.0,1.0
CWY15-B26BKU1,常规仓,3.0,3.0
CWY16-B29SU1,常规仓,6.0,6.0
CXW-200-E900T2S,常规仓,1.0,1.0
CXW-219-C1902,常规仓,1.0,1.0
CXW-219-CGT90BG,常规仓,6.0,6.0
CXW-219-CK16EG(TC),常规仓,2.0,2.0
CXW-219-CK16外装饰罩,常规仓,54.0,54.0
CXW-219-CT18EGU1,常规仓,1.0,1.0
CXW-219-EC901,常规仓,1.0,1.0
CXW-219-ET907U1,常规仓,1.0,1.0
CXW-219-IC196,常规仓,1.0,1.0
CXW-219-JT10X,常规仓,1.0,1.0
CXW-219-JT901A,常规仓,3.0,3.0
CXW-219-T1911,常规仓,1.0,1.0
CXW-258-C6Q100EGUD,常规仓,1.0,1.0
CXW-258-EC719UD,顺丰仓,14.0,14.0
CXW-258-EC928U1,常规仓,15.0,15.0
CXW-258-ET960,常规仓,4.0,4.0
CXW-298-PL9721Q,常规仓,1.0,1.0
CXW-358-C5K90BGUD,常规仓,2.0,2.0
CXW-358-EC723,常规仓,36.0,10.0
CXW-358-EC723,顺丰仓,36.0,26.0
CXW-358-EC725,常规仓,1.0,1.0
CY-01U1语音,常规仓,21.0,21.0
CYCR-T02A(P),常规仓,1.0,1.0
CYCR-T61AEU1,常规仓,1.0,1.0
CYCR-T62AU1(7寸智慧空气屏),常规仓,1.0,1.0
CYR-E18,常规仓,26.0,26.0
CYR-H01AC,常规仓,8.0,8.0
CYR-T01AC(P),常规仓,1.0,1.0
CYR-T03ACRDH,常规仓,6.0,6.0
CZ B10LWS10YTALCU1,常规仓,66.0,1.0
CZ B10LWS10YTALCU1,金融仓,66.0,65.0
CZ B10LWS10YTBWCU1,金融仓,20.0,20.0
CZ B12LWS12ALBU1,常规仓,6.0,1.0
CZ B12LWS12ALBU1,金融仓,6.0,5.0
CZ B12LWUS12TAHBU1,金融仓,5.0,5.0
DEM-LD300,常规仓,3.0,3.0
DW-60W451EU1,金融仓,2.0,2.0
DZT-9-2S,常规仓,8.0,8.0
EBW12227BKU1,常规仓,31.0,31.0
EC5001-PA5,常规仓,1.0,1.0
EC5YB18,常规仓,2.0,2.0
EC6.6FBP,常规仓,1.0,1.0
EC6.6FBP3,常规仓,12.0,12.0
EC6.6FP,常规仓,3.0,3.0
EC6.6FP(LP),常规仓,1.0,1.0
EC6001-PA6Pro,常规仓,923.0,23.0
EC6001-PA6Pro,金融仓,923.0,900.0
EC6001-PM1,常规仓,4.0,4.0
EC6002-PT5U1,常规仓,1444.0,29.0
EC6002-PT5U1,金融仓,1444.0,1415.0
EC8002H-PT5U1,常规仓,1.0,1.0
EC8003-PV3U1,常规仓,13.0,13.0
ECGS10FW2EU1,常规仓,1.0,1.0
EG10012HBD55S,常规仓,2.0,2.0
EG100BD176PRO,顺丰仓,58.0,58.0
EG100HMATE25W,常规仓,2.0,2.0
EGDZE7F,常规仓,1.0,1.0
EMG4418118215349,京仓,1639.0,1639.0
EMG4418124741689,京仓,2.0,2.0
EMG4418132234460,京仓,1.0,1.0
EMG4418132860233,京仓,1.0,1.0
EMG4418149976768,京仓,5.0,5.0
EMG4418153574623,京仓,1.0,1.0
EMG4418253207341,京仓,22.0,22.0
EMG4418254900096,京仓,3.0,3.0
EMG4418269589875,京仓,1.0,1.0
EMG4418277312538,京仓,7.0,7.0
EMG4418280649734,京仓,1.0,1.0
EMG4418280800251,京仓,7.0,7.0
EMG4418289615477,京仓,1.0,1.0
EMG4418289629786,京仓,3.0,3.0
EMG4418290940781,京仓,11.0,11.0
EMG4418297279256,京仓,1.0,1.0
EMG4418325686560,京仓,1.0,1.0
EMG4418346854643,京仓,3.0,3.0
EMG4418346855319,京仓,1.0,1.0
EMG4418346855863,京仓,3.0,3.0
EMG4418362888480,京仓,2.0,2.0
EMG4418365404660,京仓,1.0,1.0
EMG4418378034139,京仓,134.0,134.0
EMG4418387592544,京仓,1.0,1.0
EMG4418412924960,京仓,5.0,5.0
EMG4418420785407,京仓,2.0,2.0
EMG4418423073707,京仓,5.0,5.0
EMG4418423074655,京仓,1.0,1.0
EMG4418423075195,京仓,14.0,14.0
EMG4418423093013,京仓,1.0,1.0
EMG4418423094137,京仓,9.0,9.0
EMG4418423096029,京仓,6.0,6.0
EMG4418423096033,京仓,7.0,7.0
EMG4418423096037,京仓,7.0,7.0
EMG4418427167336,京仓,1.0,1.0
EMG4418427168988,京仓,29.0,29.0
EMG4418439528085,京仓,1.0,1.0
EMG4418485692877,京仓,1.0,1.0
EMG4418487707060,京仓,89.0,89.0
EMG4418491733492,京仓,1.0,1.0
EMG4418520062191,京仓,2698.0,2698.0
EMG4418586078523,京仓,4.0,4.0
EMG4418622922602,京仓,98.0,98.0
EMG4418666687554,京仓,26.0,26.0
EMG4418725750627,京仓,453.0,453.0
ES100H-CK3(1),常规仓,7.0,7.0
ES100H-GA3(2AU1),常规仓,1.0,1.0
ES10U,常规仓,2.0,2.0
ES11U,常规仓,8.0,8.0
ES15U,常规仓,10.0,10.0
ES200F-LC,常规仓,2.0,2.0
ES40H-CK3(1),常规仓,4.0,4.0
ES50H-GE3U1,常规仓,25.0,25.0
ES60H-GD5(A)U1,常规仓,830.0,30.0
ES60H-GD5(A)U1,金融仓,830.0,800.0
ES60H-RA3U1,常规仓,5.0,5.0
ES60V-V1,常规仓,2.0,2.0
ES7-Super2A,常规仓,8.0,8.0
EYBW152266BKU1,常规仓,201.0,56.0
EYBW152266BKU1,金融仓,201.0,145.0
EYBW152266CWU1,常规仓,10.0,10.0
EYBW153286ZBU1,常规仓,4.0,4.0
FA0910001,云仓,75.0,75.0
FA091Z000,云仓,95.0,95.0
FB28R4000,云仓,50.0,50.0
FC5142Q01,云仓,60.0,60.0
FC51JD000,云仓,1.0,1.0
FC5273000,云仓,2.0,2.0
FCD-216LLSZ,常规仓,3.0,3.0
FCD-251LHKPT1,顺丰仓,104.0,104.0
FH-1A,常规仓,1.0,1.0
FP-51WA-Y3-G30,常规仓,1.0,1.0
FQB100-F261U1,常规仓,1.0,1.0
G100298HBD14VTLSU1,常规仓,1.0,1.0
G100558HBD12S,金融仓,10.0,10.0
G100568BD12S,常规仓,11.0,1.0
G100568BD12S,金融仓,11.0,10.0
G100578BD14LS,常规仓,103.0,3.0
G100578BD14LS,金融仓,103.0,100.0
G100578HBD14LS,常规仓,2.0,2.0
G10098BD14LSU1,金融仓,65.0,65.0
GA0G81008,云仓,1.0,1.0
GA0SZA00F,云仓,1.0,1.0
GA0SZX008,云仓,2.0,2.0
GA100-BQT87AU1,常规仓,11.0,1.0
GA100-BQT87AU1,金融仓,11.0,10.0
GA100-S558H,金融仓,4.0,4.0
GA100-S58A2U1,常规仓,1.0,1.0
GA100-STF78A7U1,金融仓,5.0,5.0
GA100-STF78A7WU1,金融仓,5.0,5.0
GA100-STQ78A9U1,常规仓,16.0,1.0
GA100-STQ78A9U1,金融仓,16.0,15.0
GA100-STQ78A9WU1,常规仓,21.0,1.0
GA100-STQ78A9WU1,金融仓,21.0,20.0
GA100-STYF598WU1,金融仓,20.0,20.0
GBN100-126,常规仓,2.0,2.0
GD0R7M008,云仓,1.0,1.0
GDZE75-956,常规仓,2.0,2.0
GJ-C20AU1智能食材管夹,常规仓,2.0,2.0
GM30780U1,常规仓,1.0,1.0
H40E09A,常规仓,1.0,1.0
H9 B10B10(干）,常规仓,1.0,1.0
H9 B10B10(洗）,常规仓,1.0,1.0
H9 Y12BLD12U1（干）,常规仓,1.0,1.0
H9 Y12BLD12U1（洗）,常规仓,1.0,1.0
H9 YF10BLD86BCU1(干）,常规仓,29.0,29.0
H9 YF10BLD86BCU1(洗干套机),金融仓,20.0,20.0
H9 YF10BLD86BCU1(洗）,常规仓,27.0,27.0
HC07,常规仓,26.0,26.0
HCTO-11K-JM02,常规仓,10.0,10.0
HED-H2MTN2-U5深砂灰,常规仓,6.0,6.0
HFA-20P-RW,常规仓,3.0,3.0
HG100-206,常规仓,2.0,2.0
HG100-F176WU1,常规仓,4.0,4.0
HG100F258S,常规仓,3.0,3.0
HGR-T1,常规仓,4.0,4.0
HGS100-388U1,常规仓,20.0,20.0
HGS100-F576U1,金融仓,5.0,5.0
HGS100578,金融仓,55.0,55.0
HGS10078,常规仓,12.0,2.0
HGS10078,金融仓,12.0,10.0
HGY100-F376U1,常规仓,1.0,1.0
HGY100F98U1,金融仓,25.0,25.0
HGY120-F86TU1,常规仓,1.0,1.0
HJ-C503,常规仓,2.0,2.0
HJ-F701,常规仓,4.0,4.0
HJ-T603,常规仓,4.0,4.0
HJ-T901,常规仓,8.0,8.0
HJ-T912,常规仓,2.0,2.0
HJ3Q-A1U5(甲醛空气检测仪),常规仓,2.0,2.0
HJH-PM01净界,常规仓,12.0,12.0
HJH-RF01,常规仓,20.0,20.0
HJH-U1,常规仓,2.0,2.0
HJH-nano,常规仓,31.0,31.0
HKC2000-R880D2U1(LP),常规仓,5.0,5.0
HKC3000-R886D2U1,金融仓,2.0,2.0
HKC600-RFB17A3U1,金融仓,14.0,14.0
HLE-S251S,常规仓,4.0,4.0
HLJQ-01,常规仓,1.0,1.0
HMB-015A/B总成,常规仓,1.0,1.0
HMB-015N/TB(S),常规仓,40.0,40.0
HMB-01A/TB,常规仓,7.0,7.0
HMB-01N/T,常规仓,2.0,2.0
HMB-01N/TB,常规仓,1.0,1.0
HMB-01N/TB(S),常规仓,5.0,5.0
HMB-01N/TC(S),常规仓,1.0,1.0
HMB-05Q/TC,常规仓,10.0,10.0
HMB-05Q/TD,常规仓,1.0,1.0
HMB-05Q/TE(N),常规仓,1.0,1.0
HNY-1521A,常规仓,3.0,3.0
HPB-015N/TB(S),常规仓,12.0,12.0
HPB-01A/FAA22S,常规仓,4.0,4.0
HPB-01N/TB(S),常规仓,2.0,2.0
HPB-01N/TB(ST),常规仓,4.0,4.0
HPB-02N/TB(ST),常规仓,3.0,3.0
HPB-05Q/YE,常规仓,6.0,6.0
HPB-05Q/YG,常规仓,6.0,6.0
HPB-05Q/YH,常规仓,58.0,58.0
HPB-05Q/YU,常规仓,15.0,15.0
HPB-H01,常规仓,9.0,9.0
HPP-11K-JM02,常规仓,15.0,15.0
HQY-A319LU1,常规仓,1.0,1.0
HRC-I44XB,常规仓,1.0,1.0
HRO-1812-100K-JM01,常规仓,5.0,5.0
HRO1000CVH7-U1,金融仓,22.0,22.0
HRO400-4(C)滤芯礼包,常规仓,10.0,10.0
HRS-1T白色,常规仓,1.0,1.0
HS-D3,常规仓,1.0,1.0
HSL3A040B,常规仓,4.0,4.0
HSNF-300A1,常规仓,2.0,2.0
HSW-GX6(D),常规仓,2.0,2.0
HUDF-11K-JM02,常规仓,11.0,11.0
HW15-06BK,常规仓,1.0,1.0
HWY14-186BKU1,常规仓,1.0,1.0
HWY15-B266BEU1,常规仓,2.0,2.0
HY-01语音,常规仓,2.0,2.0
HYR-E60AC,常规仓,1.0,1.0
HYR-E60AC(D),常规仓,65.0,65.0
HYR-E60AC(D)商用,常规仓,1.0,1.0
HYR-H10总成(7档送风),常规仓,48.0,48.0
J7-Pro,常规仓,1.0,1.0
JC-380WGCHSD1U1,金融仓,2.0,2.0
JC-450GCHSD1U1,金融仓,10.0,10.0
JC-93GHUD1,常规仓,5.0,5.0
JH69U1(博卡灰),常规仓,8.0,8.0
JJS-901X1,常规仓,1.0,1.0
JQB80-M296,常规仓,5.0,5.0
JSG31-16CUSFXPGU1,常规仓,1.0,1.0
JSLQ27-16CGREEN3U1,常规仓,9.0,9.0
JSLQ27-16EC3DLTCU1,常规仓,1.0,1.0
JSLQ27-16ECO(12T)U1,常规仓,15.0,15.0
JSLQ27-16ECO-R3U1,常规仓,4.0,4.0
JSLQ27-16ER3DLTCU1,常规仓,1.0,1.0
JSQ23-12T9,常规仓,1.0,1.0
JSQ24-12LD1S(12T),常规仓,10.0,10.0
JSQ25-13CV1GU1,金融仓,5.0,5.0
JSQ25-13KLAU1,常规仓,18.0,18.0
JSQ30-16TK3BDU1,常规仓,2.0,2.0
JSQ31-16CH5UWU1,常规仓,2.0,2.0
JSQ31-16CJ3FXJCU1,常规仓,34.0,34.0
JSQ31-16CR5SPROU1(LPJ),常规仓,1.0,1.0
JSQ31-16CRV7FRVGU1,常规仓,2.0,2.0
JSQ31-16CT5UVU1,常规仓,2.0,2.0
JSQ31-16FET5FRTXGU1,常规仓,1.0,1.0
JSQ31-16KLAU1,常规仓,10.0,10.0
JSQ34-18MAXBDU1,常规仓,1.0,1.0
JZT-C5G78FGU9,常规仓,1.0,1.0
JZT-C7G90AGU1(12T),常规仓,1.0,1.0
JZT-CG18D2(12T),常规仓,5.0,5.0
JZT-Q23M(12T),金融仓,20.0,20.0
JZT-Q2BE51(12T),常规仓,14.0,1.0
JZT-Q2BE51(12T),顺丰仓,14.0,13.0
JZT-Q2BE52(12T),顺丰仓,25.0,25.0
JZT-QG91(12T),常规仓,1.0,1.0
JZT-QHA9331(12T),常规仓,1.0,1.0
K100M50,金融仓,4.0,4.0
K65M60,金融仓,8.0,8.0
K75E19,常规仓,1.0,1.0
K75M60,金融仓,10.0,10.0
K85M30,金融仓,2.0,2.0
K85M60,金融仓,4.0,4.0
KD40/150-TE,常规仓,3.0,3.0
KF-26G/EBA13内机,常规仓,1.0,1.0
KF-26G/MCA75室内机,常规仓,8.0,8.0
KF-26W/1013外机,常规仓,1.0,1.0
KF-26W/2075室外机,常规仓,7.0,7.0
KF-35G/MCA75室内机,常规仓,9.0,9.0
KF-35N/EHK21PU1室内机,常规仓,1.0,1.0
KF-35W/2075室外机,常规仓,13.0,13.0
KF-35W/7721室外机,常规仓,1.0,1.0
KF110/300-AFE7(W)外机,常规仓,2.0,2.0
KF110/300-AFE7U1,金融仓,25.0,25.0
KF110/300-AFE7U1(N)内机,常规仓,2.0,2.0
KF110/300-ME(外机),常规仓,2.0,2.0
KF110/300-ME-U1(内机),常规仓,3.0,3.0
KF200-LF7(W)室外机,常规仓,5.0,5.0
KF70/200-FE7CU1(内机),常规仓,1.0,1.0
KF70/200-FE7K(外机),常规仓,5.0,5.0
KF70/200-FE7KU1(内机),常规仓,2.0,2.0
KF71-F7(W)(室外机),常规仓,2.0,2.0
KF71/200-AFE7U1,金融仓,22.0,22.0
KF71/200-AFE7U1(N)内机,常规仓,1.0,1.0
KF75/200-AE7(外机),常规仓,11.0,11.0
KF75/200-AE7CU1(LP)(内机),常规仓,2.0,2.0
KF75/200-AE7U1,金融仓,5.0,5.0
KF75/200-AE7U1(内机),常规仓,12.0,12.0
KF75/200-NE7(外机),常规仓,11.0,11.0
KF75/200-NE7-U1,金融仓,130.0,130.0
KF75/200-NE7-U1(内机),常规仓,13.0,13.0
KFR-22G/PAA81U1室内机,常规仓,17.0,17.0
KFR-22W/0181室外机,常规仓,16.0,16.0
KFR-26G/EDS83室内机,常规仓,1.0,1.0
KFR-26G/KBB83U1室内机,常规仓,9.0,9.0
KFR-26G/KHA81U1室内机,常规仓,14.0,14.0
KFR-26G/KPB81U1室内机,常规仓,1.0,1.0
KFR-26G/LA1-1室内机,常规仓,6.0,6.0
KFR-26G/MCC83室内机,常规仓,4.0,4.0
KFR-26G/XBA81TU1室内机,常规仓,4.0,4.0
KFR-26GW/A1MCB83U1套机,金融仓,48.0,48.0
KFR-26GW/B0MCA81套机,金融仓,23.0,23.0
KFR-26GW/B3KHA81U1套机,金融仓,35.0,35.0
KFR-26W/0283室外机,常规仓,8.0,8.0
KFR-26W/0583T室外机,常规仓,2.0,2.0
KFR-26W/0583室外机,常规仓,1.0,1.0
KFR-26W/0681T室外机,常规仓,6.0,6.0
KFR-26W/2083室外机,常规仓,2.0,2.0
KFR-26W/30-1L室外机,常规仓,8.0,8.0
KFR-26W/A083室外机,常规仓,4.0,4.0
KFR-26W/B181室外机,常规仓,1.0,1.0
KFR-26W/B181室外机总成,常规仓,47.0,47.0
KFR-26W/B381室外机,常规仓,14.0,14.0
KFR-26W/C2-1室外机,常规仓,1.0,1.0
KFR-32N/FAA22S室内机,常规仓,4.0,4.0
KFR-32W/0122S室外机,常规仓,4.0,4.0
KFR-35G/B700-1室内机,常规仓,12.0,12.0
KFR-35G/BDA81U1(白）室内机总成,常规仓,2.0,2.0
KFR-35G/BDA83U1室内机总成,顺丰仓,1.0,1.0
KFR-35G/CAB-1室内机,常规仓,29.0,29.0
KFR-35G/CAB81U1室内机,常规仓,4.0,4.0
KFR-35G/E1-1Plus室内机,常规仓,3.0,3.0
KFR-35G/E1-1室内机,常规仓,1.0,1.0
KFR-35G/ETB81TVU1室内机,常规仓,1.0,1.0
KFR-35G/HTK81TU1室内机,常规仓,1.0,1.0
KFR-35G/KBB81U1室内机,常规仓,13.0,13.0
KFR-35G/KBB83U1室内机,常规仓,3.0,3.0
KFR-35G/KEA81U1(羊脂玉)室内机总成,常规仓,1.0,1.0
KFR-35G/KHA81U1室内机,常规仓,50.0,50.0
KFR-35G/KHA81室内机,常规仓,3.0,3.0
KFR-35G/KJA81U1室内机,常规仓,1.0,1.0
KFR-35G/KTA81U1室内机,常规仓,1.0,1.0
KFR-35G/LGA81U1室内机,常规仓,30.0,30.0
KFR-35G/LKG81TU1室内机,常规仓,4.0,4.0
KFR-35G/MCA83室内机,常规仓,2.0,2.0
KFR-35G/MCB81U1室内机,常规仓,1.0,1.0
KFR-35G/MCC83室内机,常规仓,15.0,15.0
KFR-35G/MTA81TU1(金)室内机,常规仓,1.0,1.0
KFR-35G/MUC81TU1室内机,常规仓,2.0,2.0
KFR-35G/TCA83U1室内机总成,常规仓,9.0,9.0
KFR-35G/XBA83TU1室内机,常规仓,2.0,2.0
KFR-35G/XCA83TU1室内机总成,常规仓,1.0,1.0
KFR-35G/Z500-1Pro室内机,常规仓,17.0,17.0
KFR-35G/Z500-1室内机,常规仓,9.0,9.0
KFR-35W/01B81外机,常规仓,2.0,2.0
KFR-35W/0281T室外机,常规仓,2.0,2.0
KFR-35W/0283室外机,常规仓,3.0,3.0
KFR-35W/0581室外机,常规仓,7.0,7.0
KFR-35W/0583室外机总成A,常规仓,5.0,5.0
KFR-35W/0681室外机,常规仓,13.0,13.0
KFR-35W/0682室外机,常规仓,11.0,11.0
KFR-35W/0683T室外机,常规仓,1.0,1.0
KFR-35W/0683室外机总成,顺丰仓,1.0,1.0
KFR-35W/0781T室外机,常规仓,1.0,1.0
KFR-35W/0981T室外机,常规仓,1.0,1.0
KFR-35W/2081室外机,常规仓,1.0,1.0
KFR-35W/20C83室外机,常规仓,8.0,8.0
KFR-35W/30-1L室外机,常规仓,3.0,3.0
KFR-35W/A3-1室外机,常规仓,1.0,1.0
KFR-35W/B181室外机,常规仓,14.0,13.0
KFR-35W/B181室外机,顺丰仓,14.0,1.0
KFR-35W/B181室外机总成,常规仓,185.0,185.0
KFR-35W/B381室外机,常规仓,51.0,51.0
KFR-35W/C1-1室外机,常规仓,9.0,9.0
KFR-35W/C2-1室外机,常规仓,1.0,1.0
KFR-35W/C281室外机,常规仓,33.0,33.0
KFR-35W/C4-1室外机,常规仓,29.0,29.0
KFR-35W/D2-1室外机,常规仓,17.0,17.0
KFR-35W/D3-1室外机,常规仓,12.0,12.0
KFR-48G/E1-1室内机,常规仓,2.0,2.0
KFR-48G/MDA81TU1室内机,常规仓,2.0,2.0
KFR-48W/1881T室外机,常规仓,4.0,4.0
KFR-48W/A1-1室外机,常规仓,3.0,3.0
KFR-50G/GAB81U1室内机,常规仓,4.0,4.0
KFR-50G/HDA82U1室内机,常规仓,1.0,1.0
KFR-50G/HDA83U1室内机,常规仓,1.0,1.0
KFR-50G/HTA83TU1室内机,常规仓,1.0,1.0
KFR-50G/KEA81U1室内机总成,常规仓,9.0,9.0
KFR-50G/MDA81TU1内机,常规仓,1.0,1.0
KFR-50G/PAA81U1室内机总成,常规仓,18.0,18.0
KFR-50G/Z500-1室内机,常规仓,10.0,10.0
KFR-50GW/18MEA81U1套机,金融仓,4.0,4.0
KFR-50GW/24PAA81U1套机,金融仓,95.0,95.0
KFR-50L/FBB81U1室内机,常规仓,1.0,1.0
KFR-50L/LAA81U1室内机,常规仓,1.0,1.0
KFR-50L/WBB21ATU1室内机,常规仓,1.0,1.0
KFR-50L/WDB81TU1室内机总成,常规仓,2.0,2.0
KFR-50W/0181T室外机总成,常规仓,2.0,2.0
KFR-50W/1281室外机,常规仓,1.0,1.0
KFR-50W/1721A室外机,常规仓,1.0,1.0
KFR-50W/1982室外机,常规仓,1.0,1.0
KFR-50W/1983T室外机,常规仓,1.0,1.0
KFR-50W/1983室外机,常规仓,1.0,1.0
KFR-50W/2281室外机总成,常规仓,8.0,8.0
KFR-50W/2481室外机总成,常规仓,17.0,17.0
KFR-50W/A1-1室外机,常规仓,10.0,10.0
KFR-50W/A481室外机,常规仓,4.0,4.0
KFR-50W/A581室外机,常规仓,1.0,1.0
KFR-72G/KEA81U1室内机总成,常规仓,22.0,22.0
KFR-72G/MDA83TU1室内机总成,常规仓,10.0,10.0
KFR-72G/MEA81U1室内机总成,常规仓,25.0,25.0
KFR-72G/PAA81U1室内机,常规仓,23.0,23.0
KFR-72L/83@T-Xc室内机总成,常规仓,2.0,2.0
KFR-72L/B700-1室内机,常规仓,7.0,7.0
KFR-72L/DNA81U1(冰雪白)室内机总成,常规仓,13.0,13.0
KFR-72L/EAJ12(通信)室内机,常规仓,1.0,1.0
KFR-72L/FBB81U1室内机,常规仓,5.0,5.0
KFR-72L/KCA81U1(冰雪白)室内机,常规仓,19.0,19.0
KFR-72L/KCA83U1室内机,常规仓,5.0,5.0
KFR-72L/LPA1-1室内机,常规仓,1.0,1.0
KFR-72L/NTA83T室内机,常规仓,1.0,1.0
KFR-72L/PGC83室内机总成,常规仓,1.0,1.0
KFR-72L/VEA81TU1室内机总成,常规仓,1.0,1.0
KFR-72L/WDB81TU1室内机,常规仓,2.0,2.0
KFR-72L/XDB82U1室内机,常规仓,18.0,18.0
KFR-72L/XDD83室内机,常规仓,1.0,1.0
KFR-72LW/02XDD82U1套机,金融仓,46.0,46.0
KFR-72W/0181T室外机总成,常规仓,2.0,2.0
KFR-72W/0183T室外机,常规仓,1.0,1.0
KFR-72W/0283室外机,常规仓,5.0,5.0
KFR-72W/0382室外机,常规仓,18.0,18.0
KFR-72W/0681T室外机,常规仓,1.0,1.0
KFR-72W/0681室外机总成,常规仓,1.0,1.0
KFR-72W/0781室外机,常规仓,5.0,5.0
KFR-72W/1881室外机总成,常规仓,22.0,22.0
KFR-72W/1883T室外机总成,常规仓,5.0,5.0
KFR-72W/1921AT室外机,常规仓,1.0,1.0
KFR-72W/2281室外机总成,常规仓,20.0,20.0
KFR-72W/2481室外机,常规仓,23.0,23.0
KFR-72W/2881室外机,常规仓,30.0,30.0
KFR-72W/7112(通信)室外机,常规仓,1.0,1.0
KFR-72W/A581室外机,常规仓,6.0,6.0
KFR-72W/B8-1室外机,常规仓,7.0,7.0
KFR70-31W/DE5室外机,常规仓,1.0,1.0
KFRD-35WKE外机,常规仓,2.0,2.0
KFRD-35WLE1室外机,常规仓,7.0,7.0
KFRD-36W/6122室外机,常规仓,2.0,2.0
KFRD-50N/EE81室内机,常规仓,10.0,10.0
KFRD-50W/7481室外机,常规仓,10.0,10.0
KFRD-72N/DDA21Z室内机,常规仓,1.0,1.0
KFRD-72N/DDAF21ZCU1室内机,常规仓,5.0,5.0
KFRD-72W/6521ZC室外机,常规仓,5.0,5.0
KFRD110-50W/Bp5Ⅱ,常规仓,1.0,1.0
KFRD70-32W-SE外机,常规仓,4.0,4.0
KFRd-100L/BAC22SU1(茉莉白)室内机,常规仓,1.0,1.0
KFRd-100L/DF82U1室内机,常规仓,11.0,11.0
KFRd-100W/5222S(茉莉白)室外机,常规仓,1.0,1.0
KFRd-100W/5222S室外机,常规仓,1.0,1.0
KFRd-100W/582室外机,常规仓,11.0,11.0
KFRd-120L/AF81室内机,常规仓,8.0,8.0
KFRd-120L/AF82内机,常规仓,9.0,9.0
KFRd-120L/BAC13室内机,常规仓,3.0,3.0
KFRd-120L/BCC13ST室内机,常规仓,2.0,2.0
KFRd-120L/BDC82S室内机,常规仓,1.0,1.0
KFRd-120L/TF82T室内机,常规仓,15.0,15.0
KFRd-120LW/5YAF82,金融仓,90.0,90.0
KFRd-120LW/5YTF82T,金融仓,50.0,50.0
KFRd-120Q/AC81内机,常规仓,13.0,13.0
KFRd-120Q/AC82内机,常规仓,11.0,11.0
KFRd-120Q/BAH13ST室内机,常规仓,3.0,3.0
KFRd-120Q/BBH13ST室内机,常规仓,7.0,7.0
KFRd-120Q/DAH13室内机,常规仓,3.0,3.0
KFRd-120Q/DAH22室内机,常规仓,8.0,8.0
KFRd-120Q/DDH82S室内机,常规仓,8.0,8.0
KFRd-120Q/TD82T室内机,常规仓,11.0,11.0
KFRd-120W/2222室外机,常规仓,11.0,11.0
KFRd-120W/5013ST室外机,常规仓,16.0,16.0
KFRd-120W/5013室外机,常规仓,4.0,4.0
KFRd-120W/5022室外机,常规仓,2.0,2.0
KFRd-120W/5182S室外机,常规仓,5.0,5.0
KFRd-120W/5Y82T室外机,常规仓,27.0,27.0
KFRd-120W/5Y82外机,常规仓,24.0,24.0
KFRd-120W/7013ST室外机,常规仓,2.0,2.0
KFRd-120W/7Y81室外机,常规仓,22.0,22.0
KFRd-125W/2113室外机,常规仓,1.0,1.0
KFRd-125W/6022室外机,常规仓,3.0,3.0
KFRd-150E/KAH22室内机,常规仓,59.0,59.0
KFRd-150W/6022室外机,常规仓,58.0,58.0
KFRd-35N/EAA81U1室内机,常规仓,1.0,1.0
KFRd-35N/EB81U1室内机,常规仓,10.0,10.0
KFRd-35N/ECA81A室内机,常规仓,5.0,5.0
KFRd-35N/ED81TU1室内机,常规仓,10.0,10.0
KFRd-35W/7081室外机,常规仓,1.0,1.0
KFRd-35W/7281A室外机,常规仓,5.0,5.0
KFRd-35W/7381T室外机,常规仓,10.0,10.0
KFRd-35W/7881室外机,常规仓,10.0,10.0
KFRd-36N/DBA21Z室内机,常规仓,4.0,4.0
KFRd-36N/GBA22室内机,常规仓,7.0,7.0
KFRd-36W/6121Z室外机,常规仓,4.0,4.0
KFRd-36W/6122ST室外机,常规仓,1.0,1.0
KFRd-50N/DCA83室内机,常规仓,6.0,6.0
KFRd-50N/EB81U1室内机,常规仓,10.0,10.0
KFRd-50N/EBA81U1室内机,常规仓,4.0,4.0
KFRd-50Q/AB82A室内机,常规仓,14.0,14.0
KFRd-50W/182A室外机,常规仓,14.0,14.0
KFRd-50W/2113室外机,常规仓,1.0,1.0
KFRd-50W/7181室外机,常规仓,2.0,2.0
KFRd-50W/7183室外机,常规仓,6.0,6.0
KFRd-50W/7881室外机,常规仓,10.0,10.0
KFRd-52W/6222ST室外机,常规仓,1.0,1.0
KFRd-72N/DDA22室内机,常规仓,1.0,1.0
KFRd-72N/DDA83室内机,常规仓,9.0,9.0
KFRd-72N/ECA81U1室内机,常规仓,33.0,33.0
KFRd-72N/ED81TU1内机,常规仓,16.0,16.0
KFRd-72N/EF81内机,常规仓,24.0,24.0
KFRd-72N/GDA22室内机,常规仓,16.0,16.0
KFRd-72Q/AB81室内机,常规仓,8.0,8.0
KFRd-72Q/BBH13ST室内机,常规仓,2.0,2.0
KFRd-72W/2112ST室外机,常规仓,1.0,1.0
KFRd-72W/2322室外机,常规仓,1.0,1.0
KFRd-72W/481室外机,常规仓,8.0,8.0
KFRd-72W/6013ST室外机,常规仓,1.0,1.0
KFRd-72W/6113ST室外机,常规仓,1.0,1.0
KFRd-72W/6422ST室外机,常规仓,14.0,14.0
KFRd-72W/6622室外机,常规仓,1.0,1.0
KFRd-72W/7281室外机,常规仓,30.0,30.0
KFRd-72W/7283室外机,常规仓,9.0,9.0
KFRd-72W/7381T外机,常规仓,18.0,18.0
KFRd-72W/7581外机,常规仓,25.0,25.0
KFRd-75Q/AB82室内机,常规仓,12.0,12.0
KFRd-75Q/TB82T室内机,常规仓,60.0,60.0
KFRd-75W/482T室外机,常规仓,60.0,60.0
KFRd-75W/482室外机,常规仓,12.0,12.0
KFRd-86N/EZ81TU1室内机,常规仓,13.0,13.0
KFRd-86W/7481T室外机,常规仓,13.0,13.0
KFRd-90N/EG81U1室内机,常规仓,7.0,7.0
KFRd-90W/7681室外机,常规仓,6.0,6.0
KFRd60-30W/11013室外机总成,常规仓,1.0,1.0
KFRd99-45W/11013室外机,常规仓,1.0,1.0
KG15/80-AE3-U1,常规仓,5.0,5.0
KSX-200(60)WB,常规仓,1.0,1.0
KSX-80HCII,常规仓,1.0,1.0
KSXD-150(70)WB,常规仓,2.0,2.0
KSXD-200(70)/DE5室内机,常规仓,1.0,1.0
KSXD-200(70)/WS-E内机,常规仓,4.0,4.0
KSXD-200（75）/WKE室内机,常规仓,2.0,2.0
KSXD-300(110)/WA5Ⅱ,常规仓,1.0,1.0
KT-NP01水泵电机总成(外置),常规仓,3.0,3.0
KX-B-700LA,常规仓,47.0,47.0
L1PB20-CL1(T)U1,常规仓,1.0,1.0
L1PB20-HC07(T)U1,常规仓,5.0,5.0
L1PB20-HC1(T),常规仓,1.0,1.0
L1PB20-HT1(T),常规仓,1.0,1.0
L1PB20-LC1(T)U1,常规仓,61.0,61.0
L1PB20-LC5(T)U1单机,常规仓,40.0,40.0
L1PB26-LC5(T)U1单机,常规仓,68.0,68.0
L1PB35-HC1(T),常规仓,1.0,1.0
LC-220JE,金融仓,3.0,3.0
LC-251WLCDFM1U1,金融仓,24.0,24.0
LEC5001-HM3新,常规仓,6.0,6.0
LEC5TE,常规仓,7.0,7.0
LEC5TP,常规仓,2.0,2.0
LEC6.6TE,常规仓,5.0,5.0
LEC6001-HM3新,常规仓,10.0,10.0
LEC6001-LD5,常规仓,1.0,1.0
LEC6003-L3(E)U1,常规仓,8.0,8.0
LEC8001-HM3新,常规仓,5.0,5.0
LEC80H-M1,常规仓,26.0,26.0
LES50H-LK5(1),常规仓,7.0,7.0
LES50H-PLV5,常规仓,1.0,1.0
LES6.6GT蓝,常规仓,8.0,8.0
LES60H-DL1(3E)U1,常规仓,1.0,1.0
LES60H-DL3(E)U1,常规仓,1.0,1.0
LES60H-LK5(1),常规仓,9.0,9.0
LES60H-LT,常规仓,1.0,1.0
LES60H-PB3(2)U1,常规仓,1.0,1.0
LES80H-PB3(2)U1,常规仓,1.0,1.0
LES80H-PLV5,常规仓,4.0,4.0
LGR101-B,常规仓,4.0,4.0
LHPA-1.0GU1室外机,常规仓,4.0,4.0
LK40/160-C-D,常规仓,1.0,1.0
LKF200-MA7U1(N)室内机,常规仓,2.0,2.0
LKF63-Q5E7(W)外机,常规仓,3.0,3.0
LKF63/200-Q5E7AU1(N),常规仓,1.0,1.0
LKF75/200-G1-DU1室内机,常规仓,10.0,10.0
LKF75/200-G1-DU1室外机,常规仓,2.0,2.0
LKFRd60-A9-D-U1,常规仓,1.0,1.0
LKFRd60-A9-D-U1(LP),常规仓,2.0,2.0
LKFRd75-30WⅡ(LP)外机,常规仓,1.0,1.0
LKFRd75-30WⅡ室外机,常规仓,4.0,4.0
LKSXD-200(60)/A9-D-U1,常规仓,1.0,1.0
LKSXD-200(60)/A9-D-U1(LP),常规仓,1.0,1.0
LKSXD-200(75)/WBⅡ室内机,常规仓,7.0,7.0
LL1PBD20-PN3(T)U1,常规仓,6.0,6.0
LS-A3银(3DSX),常规仓,3.0,3.0
LTD-435WL9U1,顺丰仓,92.0,92.0
LTR1,常规仓,18.0,18.0
LTW6328NLU1,常规仓,1.0,1.0
LXS200-1.0GU1室内机,常规仓,14.0,14.0
MBM30-268W,常规仓,1.0,1.0
MKLS6U1,常规仓,1.0,1.0
MS100-BZ578H,金融仓,5.0,5.0
MZ-9WLLSDZ0PPU1,常规仓,17.0,17.0
N11单抽晶钻黛玻璃门体,常规仓,1.0,1.0
REF70-34W/L3(W)室外机,常规仓,8.0,8.0
REF80-37W/L5W室外机总成,常规仓,9.0,9.0
REJ-02遥控信号接收窗,常规仓,4.0,4.0
RESX-200(70)/L3(N)室内机,常规仓,12.0,12.0
RESX-200(80)/L5S室内机总成,常规仓,9.0,9.0
RFC100MXA1VA,常规仓,2.0,2.0
RFC100MXSA1VA,金融仓,10.0,10.0
RFC120CXSJ1VDUF,常规仓,1.0,1.0
RFC120CXSJVC(XH),常规仓,6.0,6.0
RFC120DXSAYA外机,常规仓,3.0,3.0
RFC125MXSAVD(G),常规仓,12.0,12.0
RFC125STSJVA,常规仓,2.0,2.0
RFC140CXSJVB,常规仓,1.0,1.0
RFC140CXSJVC(XH),常规仓,10.0,10.0
RFC140CXSJVC(YH),常规仓,2.0,2.0
RFC140MXSAVB,常规仓,4.0,4.0
RFC140MXSAVD(F),常规仓,4.0,4.0
RFC140MXSAVD(G),常规仓,4.0,4.0
RFC160CXSJVC(XH),常规仓,7.0,7.0
RFC160MXSAVC(P),常规仓,1.0,1.0
RFC160MXSAVD(F)Pro,常规仓,1.0,1.0
RFC160MXSAVD(G),常规仓,1.0,1.0
RFC180MXSAVD(G),常规仓,1.0,1.0
RFC226CXSJVC(YH),常规仓,1.0,1.0
RFC226MXSAYN,常规仓,1.0,1.0
RFC280DXSAYC(G)室外机,常规仓,2.0,2.0
RFC350CXSJ2YS,常规仓,2.0,2.0
RFC72DXSAVA(G),常规仓,7.0,7.0
RFC80DXA,常规仓,1.0,1.0
RFLD280MXA(G)室内机,常规仓,1.0,1.0
RFT100MXD,常规仓,4.0,4.0
RFT125MXD,常规仓,4.0,4.0
RFT25MXE,常规仓,2.0,2.0
RFT36MXE,常规仓,4.0,4.0
RFT45MXE,常规仓,2.0,2.0
RFT50MXE,常规仓,3.0,3.0
RFT56MXE,常规仓,2.0,2.0
RFTD125MXA室内机,常规仓,12.0,12.0
RFTN18CXS,常规仓,1.0,1.0
RFTN28CXS-KU1室内机,常规仓,7.0,7.0
RFTN28MXS-K,常规仓,4.0,4.0
RFTS100CXS-D1U1,常规仓,1.0,1.0
RFTS18CXS-D1U1,常规仓,4.0,4.0
RFTS22CXS-C,常规仓,2.0,2.0
RFTS22CXS-D(YH),常规仓,4.0,4.0
RFTS22CXS-D1U1,常规仓,8.0,8.0
RFTS22MXS-D2,常规仓,6.0,6.0
RFTS25CXS-C,常规仓,2.0,2.0
RFTS25CXS-D(YH),常规仓,4.0,4.0
RFTS25CXS-D1U1,常规仓,8.0,8.0
RFTS25MXS-D2,常规仓,4.0,4.0
RFTS28CXS-C,常规仓,1.0,1.0
RFTS28CXS-D(YH）,常规仓,5.0,5.0
RFTS28CXS-D1U1,常规仓,10.0,10.0
RFTS32CXS-D1U1,常规仓,6.0,6.0
RFTS32MXS-D2,常规仓,4.0,4.0
RFTS36CXS-D1U1,常规仓,11.0,11.0
RFTS40CX-D(互联工厂）,常规仓,2.0,2.0
RFTS40CXS-D(YH）,常规仓,7.0,7.0
RFTS40CXS-D1U1,常规仓,6.0,6.0
RFTS40MXS-D2,常规仓,4.0,4.0
RFTS45CX-D(互联工厂）,常规仓,2.0,2.0
RFTS45CXS-D(YH),常规仓,6.0,6.0
RFTS45CXS-D1U1,常规仓,6.0,6.0
RFTS50CXS-D(YH),常规仓,8.0,8.0
RFTS50CXS-D1U1,常规仓,9.0,9.0
RFTS56CX-D(互联工厂）,常规仓,2.0,2.0
RFTS56CXS-D(XH）U1,常规仓,7.0,7.0
RFTS56CXS-D1U1,常规仓,6.0,6.0
RFTS56CXS-F1U1,常规仓,1.0,1.0
RFTS63CXS-C,常规仓,1.0,1.0
RFTS63CXS-D(XH）U1,常规仓,10.0,10.0
RFTS63CXS-D(YH),常规仓,6.0,6.0
RFTS63CXS-D1U1,常规仓,4.0,4.0
RFTS63MXS-D1,常规仓,1.0,1.0
RFTS63MXS-D2,常规仓,4.0,4.0
RFTS71CX-D(互联工厂),常规仓,2.0,2.0
RFTS71CXS-C,常规仓,1.0,1.0
RFTS71CXS-D1U1,常规仓,7.0,7.0
RFTS71MXS-D2,常规仓,8.0,8.0
RFTS90MXS-D2,常规仓,4.0,4.0
RFTSA28MXS-S,常规仓,2.0,2.0
RFTSA56MXS-S,常规仓,1.0,1.0
RFTSAD18MXS-D2,常规仓,1.0,1.0
RFTSAD25DXA,常规仓,4.0,4.0
RFTSAD25MXS-D2,常规仓,3.0,3.0
RFTSAD32MXS-D2,常规仓,3.0,3.0
RFTSAD35DXA,常规仓,1.0,1.0
RFTSAD36MXS-D1,常规仓,3.0,3.0
RFTSAD36MXS-D2,常规仓,8.0,8.0
RFTSAD40MXS-D2,常规仓,1.0,1.0
RFTSAD50MXS-D2,常规仓,1.0,1.0
RFTSAD56MXS-D2,常规仓,2.0,2.0
RFTSAD60DXA,常规仓,5.0,5.0
RFTSAD60MXA,常规仓,2.0,2.0
RFTSD28MXS-D2,常规仓,18.0,18.0
RFTSD36MXS-D2,常规仓,9.0,9.0
RFTSD45MXS-D2,常规仓,23.0,23.0
RFTSD56MXS-D2,常规仓,34.0,34.0
RFTSD71MXS-D2,常规仓,1.0,1.0
RFUM112MXF,常规仓,1.0,1.0
RFUMD130MXA,常规仓,1.0,1.0
RFUMD130MXA(G),常规仓,7.0,7.0
RHSH-V3SU1,常规仓,2.0,2.0
RHSST-SXS01(V30系列)上下水模组,常规仓,1.0,1.0
RHSST-SXS02(V3S系列)上下水模组,常规仓,7.0,7.0
RHSW-H13proU1,常规仓,2.0,2.0
RHSW-V30U1,常规仓,1.0,1.0
RHXB-X11StationU1,常规仓,3.0,3.0
RHXC-L2,常规仓,6.0,6.0
RHXHDEDF-S350U1,常规仓,3.0,3.0
RHXW-A3Plus,常规仓,4.0,4.0
RHXWF-G700,常规仓,4.0,4.0
RSX-200(75)/K5(N),常规仓,1.0,1.0
SC/SD-332C商流,常规仓,7.0,7.0
SC/SD-568CX,常规仓,17.0,17.0
SKFR-72L/WAC21AU1室内机,常规仓,1.0,1.0
SKFR-72W/1021室外机,常规仓,1.0,1.0
SPB-340C/D2,常规仓,1.0,1.0
TAB ST-SXSH1101,常规仓,7.0,7.0
TDZE7-F,常规仓,4.0,4.0
TG-V70,常规仓,1.0,1.0
TG100F98SU1,常规仓,4.0,4.0
TPB-05Q/YH,常规仓,71.0,71.0
TQG120-HBD1496U1,常规仓,1.0,1.0
TXW10-ZL02WEC,常规仓,1.0,1.0
TYR-E60AC,常规仓,4.0,4.0
TYR-E60AC(D),常规仓,30.0,30.0
TYR-H10,常规仓,10.0,10.0
TZDM10-1L,常规仓,55.0,55.0
UCS-30H3U5,常规仓,2.0,2.0
UEC-H2DR-U5白,常规仓,1.0,1.0
UQE-21LQ70-U1白色,常规仓,9.0,9.0
UQL-21CD71-U白色,常规仓,9.0,9.0
VC-A8U1,常规仓,1.0,1.0
WA-DJ2.50A2(白色),常规仓,342.0,342.0
WA-DJ2.50A2(黑色),常规仓,22.0,22.0
WA-MD05A1,常规仓,6.0,6.0
WA-MD05A2,常规仓,7.0,7.0
WM01,常规仓,20.0,20.0
XBB08-Z01FEC(粉色),常规仓,2.0,2.0
XG-100QH/AA,常规仓,1.0,1.0
XNO28-PEW,常规仓,11.0,11.0
XP1-J128,常规仓,13.0,13.0
XPB90-197BS,常规仓,4.0,4.0
XQ1-J158,常规仓,1.0,1.0
XQB80-M308,金融仓,30.0,30.0
XQB90-BM12699,常规仓,4.0,4.0
XQG100-BD14326L,常规仓,1.0,1.0
XQG100-BD14386TLU1,常规仓,1.0,1.0
XQG100-BD14576LU1,常规仓,12.0,2.0
XQG100-BD14576LU1,金融仓,12.0,10.0
XQG100-BD286U1,常规仓,1.0,1.0
XQG100-BLEU78A7U1,金融仓,35.0,35.0
XQG100-BLEU78A7WU1,金融仓,5.0,5.0
XQG100-BSEG78A9WU1,金融仓,45.0,45.0
XQG100-BSNEG87AU1,常规仓,3.0,3.0
XQG100-HB06,常规仓,1.0,1.0
XQG100-HBD1496VTLU1,常规仓,1.0,1.0
XQG100-LEU58A2U1,常规仓,1.0,1.0
XQG120-BD14576LU1,常规仓,1.0,1.0
XQG60-817G,常规仓,1.0,1.0
XQG90-BD14126L,常规仓,1.0,1.0
XQGM35-B80CU1,常规仓,5.0,5.0
YR-E16B Casarte,常规仓,1.0,1.0
YR-E17P(卡萨帝墨玉黑),常规仓,1.0,1.0
YR-E17P(卡萨帝新风机W),常规仓,3.0,3.0
YR-E17P(卡萨帝珍珠白),常规仓,2.0,2.0
YR-E17自清洁线控器,常规仓,16.0,16.0
YR-E20,常规仓,31.0,31.0
YR-H005T总成,常规仓,21.0,21.0
YR-H005遥控器(1+N),常规仓,120.0,120.0
YR-H009遥控器,常规仓,1.0,1.0
YR-HM(GEA),常规仓,1.0,1.0
YR-Q04遥控器,常规仓,14.0,14.0
YR1509-R(HM),常规仓,1.0,1.0
Z10-WU1,常规仓,2.0,2.0
ZPB-TS41,常规仓,1.0,1.0
ZPB-TS44,常规仓,1.0,1.0
ZPB-TS51,常规仓,1.0,1.0
ZPB-TS54,常规仓,1.0,1.0
ZPB-TS56,常规仓,1.0,1.0
ZPB-TS57,常规仓,3.0,3.0
ZPB-TS66-1,常规仓,1.0,1.0
ZQD100F-E13,常规仓,1.0,1.0
ZQD115F-C5EGU1,常规仓,1.0,1.0
二代套装(智能循环泵+零冷水回水器LX-0660U1智家版),常规仓,1.0,1.0
其他运费,常规仓,434.0,434.0
冰冷压缩机十年卡,常规仓,99.0,99.0
冷凝式燃气采暖热水炉给排气烟管,常规仓,3.0,3.0
制冷运费,常规仓,29.0,29.0
剃须刀HD11极夜灰,常规仓,10.0,10.0
加湿器SCK-6408A,常规仓,1.0,1.0
加长型面板ASCA-Q,常规仓,24.0,24.0
卡萨帝光年白门体,常规仓,3.0,3.0
卡萨帝智能音响,常规仓,6.0,6.0
厨房空调KCS-28QKA8U1,常规仓,5.0,5.0
厨改费,常规仓,4595.0,4595.0
发票税金,常规仓,17748.0,17748.0
商用小多联安装费,常规仓,9937.0,9937.0
商用运费,常规仓,1.0,1.0
地暖安装费,常规仓,49912.0,49912.0
塑料花洒,常规仓,16.0,16.0
声光报警器UCH-30B1U5,常规仓,1.0,1.0
安装卡,常规仓,17854.0,17854.0
安装卡(130元),常规仓,80.0,80.0
安装卡(150元),常规仓,89874.0,89874.0
安装卡(160元),常规仓,4973.0,4973.0
安装卡(170元),常规仓,20000.0,20000.0
安装卡(180元),常规仓,49999.0,49999.0
安装卡(190元),常规仓,494.0,494.0
安装卡(270元),常规仓,99.0,99.0
安装卡(300元),常规仓,4995.0,4995.0
安装卡(310元),常规仓,99951.0,99951.0
安装卡(340元),常规仓,953.0,953.0
安装卡(380元),常规仓,200.0,200.0
安装卡(400元),常规仓,1999962.0,1999962.0
安装费,常规仓,8173.0,8173.0
宜可诚甜橙香型婴幼儿柔顺剂,常规仓,10.0,10.0
差额,常规仓,9987.0,9987.0
快热式热水器LDSC-55C1,常规仓,1.0,1.0
拉丝玻璃门体,常规仓,37.0,37.0
昱美YM30-12Z4A,常规仓,40.0,40.0
智慧大脑DNY-ZK-01U1,常规仓,1.0,1.0
智控精灵零冷水K13L/RQL,常规仓,43.0,43.0
智能循环泵LX-0602,常规仓,4.0,4.0
暗把手锡兰青玻璃门体,常规仓,8.0,8.0
机械师硬壳背包B500银色V3,常规仓,10.0,10.0
机械师硬壳背包B500黑色V3,常规仓,5.0,5.0
杀菌真空吸尘器,常规仓,103.0,103.0
材料费,常规仓,39130.0,39130.0
标准型面板ASCA-Q,常规仓,73.0,73.0
水联网运费,常规仓,1629.0,1629.0
沐浴花洒套装,常规仓,10.0,10.0
洗地机E3-W,常规仓,2.0,2.0
洗护运费,常规仓,466.0,466.0
海尔加湿器SZ300-C1,常规仓,1.0,1.0
海尔控制器HYR-E18线控器,常规仓,1.0,1.0
海尔燃气热水器采暖炉标准排烟管采暖炉系列,常规仓,6.0,6.0
海尔运费,常规仓,9911.0,9911.0
漏电保护开关32A+电气绝缘胶带,常规仓,167.0,167.0
电热水壶HKT-K5M17W,常规仓,2.0,2.0
空调运费,常规仓,49.0,49.0
粉色HF71 air,常规仓,4.0,4.0
红外线人体传感器UCS-30H1U5,常规仓,1.0,1.0
纤见养护湿洗补充套装(T5，带投放瓶),常规仓,38.0,38.0
纤见洗衣机槽清洁套装,常规仓,5.0,5.0
纤见香氛宝盒,常规仓,39.0,39.0
纤醒2腔皂基速溶洗衣凝珠5袋,常规仓,48.0,48.0
纤醒单腔皂基速溶洗衣凝珠(200粒),常规仓,56.0,56.0
纤醒原装机洗洗衣液,常规仓,91.0,91.0
纤醒原装洗衣机槽清洁护理液,常规仓,36.0,36.0
纤醒皂基速洗凝珠(两袋装),常规仓,91.0,91.0
纤醒皂基速洗洗衣液(定量瓶),常规仓,47.0,47.0
纤醒皂基速洗洗衣液(箱),常规仓,55.0,55.0
统帅运费,常规仓,985.0,985.0
自然印记门体,常规仓,3.0,3.0
虚拟赠品,常规仓,648.0,648.0
运费,常规仓,179299.0,179299.0
运费理赔,常规仓,9228.0,9228.0
采暖炉标准排烟管-统帅,常规仓,131.0,131.0
零冷水回水器LX-0301,常规仓,1.0,1.0
食材净化机HJ-P25,常规仓,2.0,2.0
食材净化机HJ-T916,常规仓,4.0,4.0
黑色玻璃门体,常规仓,8.0,8.0
